Average_Heart_Rate,SDNN,RMSSD,NN50
67.6872543600044,226.63992219288255,320.6307326740731,508
